ITEM_ID,ID,DATATYPE,VALUE
b35dc927-a018-446a-b963-90f651e9ab22,QTYAVAILABLE,BOOLEAN,false
b35dc927-a018-446a-b963-90f651e9ab22,PRICE,FLOAT,91.82
b35dc927-a018-446a-b963-90f651e9ab22,QUANTITY,INTEGER,62
d60d8e45-7c5f-4781-872c-9fee17a6672f,QTYAVAILABLE,BOOLEAN,true
d60d8e45-7c5f-4781-872c-9fee17a6672f,PRICE,FLOAT,64.0
d60d8e45-7c5f-4781-872c-9fee17a6672f,QUANTITY,INTEGER,8
745627fb-7138-40be-9c0e-efe19bb12327,QTYAVAILABLE,BOOLEAN,false
745627fb-7138-40be-9c0e-efe19bb12327,PRICE,FLOAT,50.04
745627fb-7138-40be-9c0e-efe19bb12327,QUANTITY,INTEGER,85
dbcda365-5549-4214-b853-bdb51fdb81fe,QTYAVAILABLE,BOOLEAN,true
dbcda365-5549-4214-b853-bdb51fdb81fe,PRICE,FLOAT,86.19
dbcda365-5549-4214-b853-bdb51fdb81fe,QUANTITY,INTEGER,18
26c746bd-8996-4d4c-b3be-218ad93166e5,QTYAVAILABLE,BOOLEAN,true
26c746bd-8996-4d4c-b3be-218ad93166e5,PRICE,FLOAT,10.91
26c746bd-8996-4d4c-b3be-218ad93166e5,QUANTITY,INTEGER,34
3a4f4e69-155f-4d65-a4c9-0d6d0acc9b5f,QTYAVAILABLE,BOOLEAN,true
3a4f4e69-155f-4d65-a4c9-0d6d0acc9b5f,PRICE,FLOAT,93.24
3a4f4e69-155f-4d65-a4c9-0d6d0acc9b5f,QUANTITY,INTEGER,31
7c928f0e-6876-4a0b-81a8-3552f7b4d3e8,QTYAVAILABLE,BOOLEAN,true
7c928f0e-6876-4a0b-81a8-3552f7b4d3e8,PRICE,FLOAT,39.95
7c928f0e-6876-4a0b-81a8-3552f7b4d3e8,QUANTITY,INTEGER,75
76efb97d-9683-4e61-b3ec-e60cb8526de5,QTYAVAILABLE,BOOLEAN,false
76efb97d-9683-4e61-b3ec-e60cb8526de5,PRICE,FLOAT,61.06
76efb97d-9683-4e61-b3ec-e60cb8526de5,QUANTITY,INTEGER,62
9f47ecd4-4339-4777-a69c-10edfd42bd02,QTYAVAILABLE,BOOLEAN,true
9f47ecd4-4339-4777-a69c-10edfd42bd02,PRICE,FLOAT,19.35
9f47ecd4-4339-4777-a69c-10edfd42bd02,QUANTITY,INTEGER,72
a0a569af-f995-4694-b99d-141fa3f581b5,QTYAVAILABLE,BOOLEAN,true
a0a569af-f995-4694-b99d-141fa3f581b5,PRICE,FLOAT,60.39
a0a569af-f995-4694-b99d-141fa3f581b5,QUANTITY,INTEGER,52
4286100b-5351-4800-a7b3-da1954efd1bd,QTYAVAILABLE,BOOLEAN,true
4286100b-5351-4800-a7b3-da1954efd1bd,PRICE,FLOAT,43.81
4286100b-5351-4800-a7b3-da1954efd1bd,QUANTITY,INTEGER,72
a8f11362-594f-4ddb-8831-27c1de533c63,QTYAVAILABLE,BOOLEAN,true
a8f11362-594f-4ddb-8831-27c1de533c63,PRICE,FLOAT,13.21
a8f11362-594f-4ddb-8831-27c1de533c63,QUANTITY,INTEGER,70
e5819876-5442-4210-b8f3-6e9f5c04489b,QTYAVAILABLE,BOOLEAN,false
e5819876-5442-4210-b8f3-6e9f5c04489b,PRICE,FLOAT,24.63
e5819876-5442-4210-b8f3-6e9f5c04489b,QUANTITY,INTEGER,22
9bd2a54e-f12e-475f-ab5a-e80215f6d9ac,QTYAVAILABLE,BOOLEAN,false
9bd2a54e-f12e-475f-ab5a-e80215f6d9ac,PRICE,FLOAT,54.14
9bd2a54e-f12e-475f-ab5a-e80215f6d9ac,QUANTITY,INTEGER,58
66399f73-2b19-43a0-84db-9c6c56dc7a95,QTYAVAILABLE,BOOLEAN,false
66399f73-2b19-43a0-84db-9c6c56dc7a95,PRICE,FLOAT,81.5
66399f73-2b19-43a0-84db-9c6c56dc7a95,QUANTITY,INTEGER,26
06895a40-b023-4d1e-9f4e-5ea666a0b2e6,QTYAVAILABLE,BOOLEAN,false
06895a40-b023-4d1e-9f4e-5ea666a0b2e6,PRICE,FLOAT,53.34
06895a40-b023-4d1e-9f4e-5ea666a0b2e6,QUANTITY,INTEGER,91
ea976152-81eb-4c15-b13e-ce6cdf434c2c,QTYAVAILABLE,BOOLEAN,false
ea976152-81eb-4c15-b13e-ce6cdf434c2c,PRICE,FLOAT,66.19
ea976152-81eb-4c15-b13e-ce6cdf434c2c,QUANTITY,INTEGER,99
d5559c76-7ba3-49ad-87fb-f14463e48dae,QTYAVAILABLE,BOOLEAN,true
d5559c76-7ba3-49ad-87fb-f14463e48dae,PRICE,FLOAT,6.66
d5559c76-7ba3-49ad-87fb-f14463e48dae,QUANTITY,INTEGER,10
8310b79c-88bf-4691-a470-2a3827ccaa83,QTYAVAILABLE,BOOLEAN,false
8310b79c-88bf-4691-a470-2a3827ccaa83,PRICE,FLOAT,50.29
8310b79c-88bf-4691-a470-2a3827ccaa83,QUANTITY,INTEGER,91
0da866bf-b320-49c2-ae5e-c772ec335faf,QTYAVAILABLE,BOOLEAN,false
0da866bf-b320-49c2-ae5e-c772ec335faf,PRICE,FLOAT,56.88
0da866bf-b320-49c2-ae5e-c772ec335faf,QUANTITY,INTEGER,57
ae5539a8-754d-4707-af14-2155d0b3b07e,QTYAVAILABLE,BOOLEAN,false
ae5539a8-754d-4707-af14-2155d0b3b07e,PRICE,FLOAT,37.69
ae5539a8-754d-4707-af14-2155d0b3b07e,QUANTITY,INTEGER,25
a28979cc-49b6-4ded-814e-4fa2829d8fff,QTYAVAILABLE,BOOLEAN,false
a28979cc-49b6-4ded-814e-4fa2829d8fff,PRICE,FLOAT,84.92
a28979cc-49b6-4ded-814e-4fa2829d8fff,QUANTITY,INTEGER,91
34936bf7-49f0-43e1-84d5-e9cd3dc0735f,QTYAVAILABLE,BOOLEAN,false
34936bf7-49f0-43e1-84d5-e9cd3dc0735f,PRICE,FLOAT,36.06
34936bf7-49f0-43e1-84d5-e9cd3dc0735f,QUANTITY,INTEGER,75
9da019d1-eb2d-4553-82ff-0122a1c760d5,QTYAVAILABLE,BOOLEAN,false
9da019d1-eb2d-4553-82ff-0122a1c760d5,PRICE,FLOAT,38.93
9da019d1-eb2d-4553-82ff-0122a1c760d5,QUANTITY,INTEGER,34
c5921fc3-975f-451a-bc85-a146d9ee0398,QTYAVAILABLE,BOOLEAN,false
c5921fc3-975f-451a-bc85-a146d9ee0398,PRICE,FLOAT,33.44
c5921fc3-975f-451a-bc85-a146d9ee0398,QUANTITY,INTEGER,12
6b6729a0-1cb4-4c7b-bb61-dc8d56941786,QTYAVAILABLE,BOOLEAN,false
6b6729a0-1cb4-4c7b-bb61-dc8d56941786,PRICE,FLOAT,1.2
6b6729a0-1cb4-4c7b-bb61-dc8d56941786,QUANTITY,INTEGER,78
d42bdad8-3662-46d3-b947-ae2230b4944e,QTYAVAILABLE,BOOLEAN,false
d42bdad8-3662-46d3-b947-ae2230b4944e,PRICE,FLOAT,30.33
d42bdad8-3662-46d3-b947-ae2230b4944e,QUANTITY,INTEGER,21
32cd1217-69e5-41ad-ab3f-f58dac832d27,QTYAVAILABLE,BOOLEAN,false
32cd1217-69e5-41ad-ab3f-f58dac832d27,PRICE,FLOAT,26.5
32cd1217-69e5-41ad-ab3f-f58dac832d27,QUANTITY,INTEGER,12
9c325766-b71b-4684-b5a4-c61964868f93,QTYAVAILABLE,BOOLEAN,false
9c325766-b71b-4684-b5a4-c61964868f93,PRICE,FLOAT,77.37
9c325766-b71b-4684-b5a4-c61964868f93,QUANTITY,INTEGER,73
7e30e864-3007-4fcf-95b1-f08be4917e95,QTYAVAILABLE,BOOLEAN,false
7e30e864-3007-4fcf-95b1-f08be4917e95,PRICE,FLOAT,95.7
7e30e864-3007-4fcf-95b1-f08be4917e95,QUANTITY,INTEGER,10
79592733-d881-4b74-ad5c-a321dc280743,QTYAVAILABLE,BOOLEAN,false
79592733-d881-4b74-ad5c-a321dc280743,PRICE,FLOAT,28.43
79592733-d881-4b74-ad5c-a321dc280743,QUANTITY,INTEGER,93
f6eefde8-267d-4f4f-b8d6-6ebef77c89e8,QTYAVAILABLE,BOOLEAN,true
f6eefde8-267d-4f4f-b8d6-6ebef77c89e8,PRICE,FLOAT,16.67
f6eefde8-267d-4f4f-b8d6-6ebef77c89e8,QUANTITY,INTEGER,42
21b4d397-480b-4f2a-ad09-8638f70871a0,QTYAVAILABLE,BOOLEAN,true
21b4d397-480b-4f2a-ad09-8638f70871a0,PRICE,FLOAT,36.75
21b4d397-480b-4f2a-ad09-8638f70871a0,QUANTITY,INTEGER,51
c8f1ed8f-97a2-4ca1-84e5-7f620f89bbbf,QTYAVAILABLE,BOOLEAN,false
c8f1ed8f-97a2-4ca1-84e5-7f620f89bbbf,PRICE,FLOAT,68.0
c8f1ed8f-97a2-4ca1-84e5-7f620f89bbbf,QUANTITY,INTEGER,23
0d3851f1-a329-42ac-a0e5-df8ac5f49e1d,QTYAVAILABLE,BOOLEAN,true
0d3851f1-a329-42ac-a0e5-df8ac5f49e1d,PRICE,FLOAT,12.13
0d3851f1-a329-42ac-a0e5-df8ac5f49e1d,QUANTITY,INTEGER,30
ff43aaa2-217e-423e-bea4-846bbe2426f4,QTYAVAILABLE,BOOLEAN,false
ff43aaa2-217e-423e-bea4-846bbe2426f4,PRICE,FLOAT,8.37
ff43aaa2-217e-423e-bea4-846bbe2426f4,QUANTITY,INTEGER,61
05d91213-16d1-473f-82c9-532d9f31646b,QTYAVAILABLE,BOOLEAN,true
05d91213-16d1-473f-82c9-532d9f31646b,PRICE,FLOAT,78.88
05d91213-16d1-473f-82c9-532d9f31646b,QUANTITY,INTEGER,14
772b9fb7-e2a9-4107-aa10-7a182cdf324e,QTYAVAILABLE,BOOLEAN,false
772b9fb7-e2a9-4107-aa10-7a182cdf324e,PRICE,FLOAT,19.79
772b9fb7-e2a9-4107-aa10-7a182cdf324e,QUANTITY,INTEGER,58
4dcaa663-410b-4fb2-9247-94dd8740a902,QTYAVAILABLE,BOOLEAN,false
4dcaa663-410b-4fb2-9247-94dd8740a902,PRICE,FLOAT,11.95
4dcaa663-410b-4fb2-9247-94dd8740a902,QUANTITY,INTEGER,66
441c53e4-76c1-4c26-a287-8eea49e40869,QTYAVAILABLE,BOOLEAN,false
441c53e4-76c1-4c26-a287-8eea49e40869,PRICE,FLOAT,70.36
441c53e4-76c1-4c26-a287-8eea49e40869,QUANTITY,INTEGER,14
ce2011e8-3a11-4df0-b76c-f51f0f969057,QTYAVAILABLE,BOOLEAN,false
ce2011e8-3a11-4df0-b76c-f51f0f969057,PRICE,FLOAT,25.24
ce2011e8-3a11-4df0-b76c-f51f0f969057,QUANTITY,INTEGER,3
e4ef5837-445d-4ec2-ae8a-ba6cc9d62f33,QTYAVAILABLE,BOOLEAN,true
e4ef5837-445d-4ec2-ae8a-ba6cc9d62f33,PRICE,FLOAT,43.07
e4ef5837-445d-4ec2-ae8a-ba6cc9d62f33,QUANTITY,INTEGER,2
cf4b612e-8900-44fe-9a24-c4897596bb39,QTYAVAILABLE,BOOLEAN,true
cf4b612e-8900-44fe-9a24-c4897596bb39,PRICE,FLOAT,6.53
cf4b612e-8900-44fe-9a24-c4897596bb39,QUANTITY,INTEGER,24
064ef7c8-5dc0-4a33-a175-4d6e46b85807,QTYAVAILABLE,BOOLEAN,false
064ef7c8-5dc0-4a33-a175-4d6e46b85807,PRICE,FLOAT,84.78
064ef7c8-5dc0-4a33-a175-4d6e46b85807,QUANTITY,INTEGER,23
be79cbb4-b7a2-4108-ae5e-83c5d0b58a57,QTYAVAILABLE,BOOLEAN,true
be79cbb4-b7a2-4108-ae5e-83c5d0b58a57,PRICE,FLOAT,57.23
be79cbb4-b7a2-4108-ae5e-83c5d0b58a57,QUANTITY,INTEGER,71
0373ba0e-a764-4b09-96c0-56f38585b7cc,QTYAVAILABLE,BOOLEAN,false
0373ba0e-a764-4b09-96c0-56f38585b7cc,PRICE,FLOAT,70.55
0373ba0e-a764-4b09-96c0-56f38585b7cc,QUANTITY,INTEGER,26
8a92454f-9ea6-4686-aea2-3f2f696cd604,QTYAVAILABLE,BOOLEAN,true
8a92454f-9ea6-4686-aea2-3f2f696cd604,PRICE,FLOAT,66.53
8a92454f-9ea6-4686-aea2-3f2f696cd604,QUANTITY,INTEGER,67
5bf2512e-9a76-4400-a018-38cfb3569084,QTYAVAILABLE,BOOLEAN,false
5bf2512e-9a76-4400-a018-38cfb3569084,PRICE,FLOAT,89.45
5bf2512e-9a76-4400-a018-38cfb3569084,QUANTITY,INTEGER,94
547f85cf-6498-4c0a-8200-2922f8fc2fad,QTYAVAILABLE,BOOLEAN,false
547f85cf-6498-4c0a-8200-2922f8fc2fad,PRICE,FLOAT,19.0
547f85cf-6498-4c0a-8200-2922f8fc2fad,QUANTITY,INTEGER,73
16364059-c6e8-4f95-b0bc-6bcd7f298f72,QTYAVAILABLE,BOOLEAN,false
16364059-c6e8-4f95-b0bc-6bcd7f298f72,PRICE,FLOAT,89.09
16364059-c6e8-4f95-b0bc-6bcd7f298f72,QUANTITY,INTEGER,90
91ca952e-1c49-4014-8275-65c4c93f1aa8,QTYAVAILABLE,BOOLEAN,false
91ca952e-1c49-4014-8275-65c4c93f1aa8,PRICE,FLOAT,77.42
91ca952e-1c49-4014-8275-65c4c93f1aa8,QUANTITY,INTEGER,27
0b7852f8-ca1b-42a6-b3e3-d0a4aab1727e,QTYAVAILABLE,BOOLEAN,true
0b7852f8-ca1b-42a6-b3e3-d0a4aab1727e,PRICE,FLOAT,89.9
0b7852f8-ca1b-42a6-b3e3-d0a4aab1727e,QUANTITY,INTEGER,81
aea82e5c-5d5d-4d69-a715-68dfc4de68c9,QTYAVAILABLE,BOOLEAN,false
aea82e5c-5d5d-4d69-a715-68dfc4de68c9,PRICE,FLOAT,69.27
aea82e5c-5d5d-4d69-a715-68dfc4de68c9,QUANTITY,INTEGER,11
a3edd587-0a19-4250-b20b-47bdeba7528d,QTYAVAILABLE,BOOLEAN,false
a3edd587-0a19-4250-b20b-47bdeba7528d,PRICE,FLOAT,21.33
a3edd587-0a19-4250-b20b-47bdeba7528d,QUANTITY,INTEGER,59
fbdd80a6-de46-4d20-a564-3987c98e124f,QTYAVAILABLE,BOOLEAN,true
fbdd80a6-de46-4d20-a564-3987c98e124f,PRICE,FLOAT,62.67
fbdd80a6-de46-4d20-a564-3987c98e124f,QUANTITY,INTEGER,83
fb95863a-3ce2-411a-9d81-e147e5dc2d96,QTYAVAILABLE,BOOLEAN,true
fb95863a-3ce2-411a-9d81-e147e5dc2d96,PRICE,FLOAT,33.1
fb95863a-3ce2-411a-9d81-e147e5dc2d96,QUANTITY,INTEGER,31
1aee8730-c371-4c97-84d3-7cbb553ff140,QTYAVAILABLE,BOOLEAN,true
1aee8730-c371-4c97-84d3-7cbb553ff140,PRICE,FLOAT,48.76
1aee8730-c371-4c97-84d3-7cbb553ff140,QUANTITY,INTEGER,12
67c1ff39-9bf1-46fd-b6e3-d698fe309f47,QTYAVAILABLE,BOOLEAN,true
67c1ff39-9bf1-46fd-b6e3-d698fe309f47,PRICE,FLOAT,41.2
67c1ff39-9bf1-46fd-b6e3-d698fe309f47,QUANTITY,INTEGER,71
06ac5895-8801-4383-ab7a-ec52f43d6cd6,QTYAVAILABLE,BOOLEAN,false
06ac5895-8801-4383-ab7a-ec52f43d6cd6,PRICE,FLOAT,2.52
06ac5895-8801-4383-ab7a-ec52f43d6cd6,QUANTITY,INTEGER,93
79d4f1eb-5255-477c-9f5c-21a5a064e462,QTYAVAILABLE,BOOLEAN,false
79d4f1eb-5255-477c-9f5c-21a5a064e462,PRICE,FLOAT,61.67
79d4f1eb-5255-477c-9f5c-21a5a064e462,QUANTITY,INTEGER,44
4614e85c-b93d-489b-951a-6c0484c17ffe,QTYAVAILABLE,BOOLEAN,true
4614e85c-b93d-489b-951a-6c0484c17ffe,PRICE,FLOAT,41.09
4614e85c-b93d-489b-951a-6c0484c17ffe,QUANTITY,INTEGER,82
d098e5d2-ab2c-46d2-8f3a-4a21c7e6cb6a,QTYAVAILABLE,BOOLEAN,true
d098e5d2-ab2c-46d2-8f3a-4a21c7e6cb6a,PRICE,FLOAT,59.03
d098e5d2-ab2c-46d2-8f3a-4a21c7e6cb6a,QUANTITY,INTEGER,70
a019fb08-b148-4297-a1c2-2b40adf06b2a,QTYAVAILABLE,BOOLEAN,false
a019fb08-b148-4297-a1c2-2b40adf06b2a,PRICE,FLOAT,16.27
a019fb08-b148-4297-a1c2-2b40adf06b2a,QUANTITY,INTEGER,78
529f6e1d-9aea-4f67-b386-7d1a9d067b78,QTYAVAILABLE,BOOLEAN,true
529f6e1d-9aea-4f67-b386-7d1a9d067b78,PRICE,FLOAT,32.59
529f6e1d-9aea-4f67-b386-7d1a9d067b78,QUANTITY,INTEGER,100
bdfa97ec-ac10-448e-b9eb-ab65396a34b5,QTYAVAILABLE,BOOLEAN,true
bdfa97ec-ac10-448e-b9eb-ab65396a34b5,PRICE,FLOAT,33.69
bdfa97ec-ac10-448e-b9eb-ab65396a34b5,QUANTITY,INTEGER,100
6b29e0b1-954c-40fe-ab3a-5d1abfe4f231,QTYAVAILABLE,BOOLEAN,false
6b29e0b1-954c-40fe-ab3a-5d1abfe4f231,PRICE,FLOAT,44.17
6b29e0b1-954c-40fe-ab3a-5d1abfe4f231,QUANTITY,INTEGER,66
0fa7fc91-2fb0-4e6b-98be-22728bd91550,QTYAVAILABLE,BOOLEAN,false
0fa7fc91-2fb0-4e6b-98be-22728bd91550,PRICE,FLOAT,34.94
0fa7fc91-2fb0-4e6b-98be-22728bd91550,QUANTITY,INTEGER,39
28fb38b1-c8dc-4dae-8749-7d24c0991856,QTYAVAILABLE,BOOLEAN,false
28fb38b1-c8dc-4dae-8749-7d24c0991856,PRICE,FLOAT,78.0
28fb38b1-c8dc-4dae-8749-7d24c0991856,QUANTITY,INTEGER,63
59ba5adb-d4ae-453d-9935-3a51318258a6,QTYAVAILABLE,BOOLEAN,false
59ba5adb-d4ae-453d-9935-3a51318258a6,PRICE,FLOAT,99.87
59ba5adb-d4ae-453d-9935-3a51318258a6,QUANTITY,INTEGER,65
c37b54e1-39c9-42de-b761-c4e15ceb5760,QTYAVAILABLE,BOOLEAN,false
c37b54e1-39c9-42de-b761-c4e15ceb5760,PRICE,FLOAT,33.83
c37b54e1-39c9-42de-b761-c4e15ceb5760,QUANTITY,INTEGER,33
20754c76-8f38-41fe-a63a-0ddb1d44ddb1,QTYAVAILABLE,BOOLEAN,true
20754c76-8f38-41fe-a63a-0ddb1d44ddb1,PRICE,FLOAT,58.35
20754c76-8f38-41fe-a63a-0ddb1d44ddb1,QUANTITY,INTEGER,23
bbd1afb9-2fb3-4b76-b605-6a67ce02b457,QTYAVAILABLE,BOOLEAN,false
bbd1afb9-2fb3-4b76-b605-6a67ce02b457,PRICE,FLOAT,5.38
bbd1afb9-2fb3-4b76-b605-6a67ce02b457,QUANTITY,INTEGER,100
8fd4688e-9ece-4416-a995-743500bc9198,QTYAVAILABLE,BOOLEAN,false
8fd4688e-9ece-4416-a995-743500bc9198,PRICE,FLOAT,87.98
8fd4688e-9ece-4416-a995-743500bc9198,QUANTITY,INTEGER,27
4c86d43c-f8cd-44aa-a076-294ba859f3c4,QTYAVAILABLE,BOOLEAN,true
4c86d43c-f8cd-44aa-a076-294ba859f3c4,PRICE,FLOAT,71.8
4c86d43c-f8cd-44aa-a076-294ba859f3c4,QUANTITY,INTEGER,48
1fd788e1-1546-4493-9e17-c1f0dcc6e7df,QTYAVAILABLE,BOOLEAN,true
1fd788e1-1546-4493-9e17-c1f0dcc6e7df,PRICE,FLOAT,8.28
1fd788e1-1546-4493-9e17-c1f0dcc6e7df,QUANTITY,INTEGER,19
fc3a10fe-f2b5-4803-8561-2833c446dc2a,QTYAVAILABLE,BOOLEAN,false
fc3a10fe-f2b5-4803-8561-2833c446dc2a,PRICE,FLOAT,35.14
fc3a10fe-f2b5-4803-8561-2833c446dc2a,QUANTITY,INTEGER,53
5c23faaa-dd01-45ba-874a-7d23ea10dcdb,QTYAVAILABLE,BOOLEAN,false
5c23faaa-dd01-45ba-874a-7d23ea10dcdb,PRICE,FLOAT,74.21
5c23faaa-dd01-45ba-874a-7d23ea10dcdb,QUANTITY,INTEGER,22
c16cc031-c1bc-441b-b639-1dc88c44f4ac,QTYAVAILABLE,BOOLEAN,true
c16cc031-c1bc-441b-b639-1dc88c44f4ac,PRICE,FLOAT,30.8
c16cc031-c1bc-441b-b639-1dc88c44f4ac,QUANTITY,INTEGER,40
b4a494b8-6bdf-4e36-b401-8656015c045a,QTYAVAILABLE,BOOLEAN,true
b4a494b8-6bdf-4e36-b401-8656015c045a,PRICE,FLOAT,79.73
b4a494b8-6bdf-4e36-b401-8656015c045a,QUANTITY,INTEGER,10
3da03afe-ff01-4b39-9d5b-73931b581516,QTYAVAILABLE,BOOLEAN,false
3da03afe-ff01-4b39-9d5b-73931b581516,PRICE,FLOAT,67.73
3da03afe-ff01-4b39-9d5b-73931b581516,QUANTITY,INTEGER,51
a8ee57f9-de9e-4e39-b683-4d735f3dc10a,QTYAVAILABLE,BOOLEAN,false
a8ee57f9-de9e-4e39-b683-4d735f3dc10a,PRICE,FLOAT,20.22
a8ee57f9-de9e-4e39-b683-4d735f3dc10a,QUANTITY,INTEGER,59
081942a8-53e3-49c3-a198-14dd2fc57e91,QTYAVAILABLE,BOOLEAN,false
081942a8-53e3-49c3-a198-14dd2fc57e91,PRICE,FLOAT,26.18
081942a8-53e3-49c3-a198-14dd2fc57e91,QUANTITY,INTEGER,76
8ef72a0e-1357-4e7a-a8b6-01d0b90cf7c4,QTYAVAILABLE,BOOLEAN,false
8ef72a0e-1357-4e7a-a8b6-01d0b90cf7c4,PRICE,FLOAT,41.17
8ef72a0e-1357-4e7a-a8b6-01d0b90cf7c4,QUANTITY,INTEGER,64
bd33d0b3-a4aa-450e-a039-9cb3f03b0882,QTYAVAILABLE,BOOLEAN,true
bd33d0b3-a4aa-450e-a039-9cb3f03b0882,PRICE,FLOAT,27.8
bd33d0b3-a4aa-450e-a039-9cb3f03b0882,QUANTITY,INTEGER,44
ed82cf8b-e167-414a-8d5c-b451112ecabc,QTYAVAILABLE,BOOLEAN,false
ed82cf8b-e167-414a-8d5c-b451112ecabc,PRICE,FLOAT,92.57
ed82cf8b-e167-414a-8d5c-b451112ecabc,QUANTITY,INTEGER,94
c75ab4d7-dab9-430c-9a72-ec5d2c1ab37a,QTYAVAILABLE,BOOLEAN,true
c75ab4d7-dab9-430c-9a72-ec5d2c1ab37a,PRICE,FLOAT,48.58
c75ab4d7-dab9-430c-9a72-ec5d2c1ab37a,QUANTITY,INTEGER,14
edf9a877-7d67-4f41-bd13-d67d007aea4e,QTYAVAILABLE,BOOLEAN,true
edf9a877-7d67-4f41-bd13-d67d007aea4e,PRICE,FLOAT,45.58
edf9a877-7d67-4f41-bd13-d67d007aea4e,QUANTITY,INTEGER,64
23f1b96c-b0a2-4e67-8436-57c23594efa4,QTYAVAILABLE,BOOLEAN,true
23f1b96c-b0a2-4e67-8436-57c23594efa4,PRICE,FLOAT,71.57
23f1b96c-b0a2-4e67-8436-57c23594efa4,QUANTITY,INTEGER,67
9ac6104a-f897-4f99-95c2-281c8659614b,QTYAVAILABLE,BOOLEAN,true
9ac6104a-f897-4f99-95c2-281c8659614b,PRICE,FLOAT,11.83
9ac6104a-f897-4f99-95c2-281c8659614b,QUANTITY,INTEGER,38
575ebf8b-4e21-4b1d-898a-f87e019472d7,QTYAVAILABLE,BOOLEAN,true
575ebf8b-4e21-4b1d-898a-f87e019472d7,PRICE,FLOAT,30.18
575ebf8b-4e21-4b1d-898a-f87e019472d7,QUANTITY,INTEGER,10
fa1edc8d-2d09-4f6b-8b72-0d36bfebefeb,QTYAVAILABLE,BOOLEAN,false
fa1edc8d-2d09-4f6b-8b72-0d36bfebefeb,PRICE,FLOAT,77.86
fa1edc8d-2d09-4f6b-8b72-0d36bfebefeb,QUANTITY,INTEGER,45
1b67fd2c-2a3a-47d3-9be6-d7ab80861172,QTYAVAILABLE,BOOLEAN,true
1b67fd2c-2a3a-47d3-9be6-d7ab80861172,PRICE,FLOAT,4.94
1b67fd2c-2a3a-47d3-9be6-d7ab80861172,QUANTITY,INTEGER,42
d80597f2-d166-46ef-9b3c-4fd0ecc2509d,QTYAVAILABLE,BOOLEAN,true
d80597f2-d166-46ef-9b3c-4fd0ecc2509d,PRICE,FLOAT,26.08
d80597f2-d166-46ef-9b3c-4fd0ecc2509d,QUANTITY,INTEGER,43
d7a5e9a0-8243-4077-b84a-817a44825d1b,QTYAVAILABLE,BOOLEAN,true
d7a5e9a0-8243-4077-b84a-817a44825d1b,PRICE,FLOAT,35.12
d7a5e9a0-8243-4077-b84a-817a44825d1b,QUANTITY,INTEGER,90
7d1c76fe-cd1f-4ea2-bd69-aff677b23fdf,QTYAVAILABLE,BOOLEAN,true
7d1c76fe-cd1f-4ea2-bd69-aff677b23fdf,PRICE,FLOAT,11.65
7d1c76fe-cd1f-4ea2-bd69-aff677b23fdf,QUANTITY,INTEGER,44
867a835b-9853-4a1e-8253-c62adfce7eeb,QTYAVAILABLE,BOOLEAN,true
867a835b-9853-4a1e-8253-c62adfce7eeb,PRICE,FLOAT,26.04
867a835b-9853-4a1e-8253-c62adfce7eeb,QUANTITY,INTEGER,71
37d1d54d-0bcd-45e6-a8e6-1f00638a7758,QTYAVAILABLE,BOOLEAN,false
37d1d54d-0bcd-45e6-a8e6-1f00638a7758,PRICE,FLOAT,73.75
37d1d54d-0bcd-45e6-a8e6-1f00638a7758,QUANTITY,INTEGER,45
9039c15a-985f-457e-ad58-e10f672e03d0,QTYAVAILABLE,BOOLEAN,true
9039c15a-985f-457e-ad58-e10f672e03d0,PRICE,FLOAT,50.97
9039c15a-985f-457e-ad58-e10f672e03d0,QUANTITY,INTEGER,5
68802a16-9d2c-43b9-a86e-4a43a396ed84,QTYAVAILABLE,BOOLEAN,false
68802a16-9d2c-43b9-a86e-4a43a396ed84,PRICE,FLOAT,52.26
68802a16-9d2c-43b9-a86e-4a43a396ed84,QUANTITY,INTEGER,67
c736286b-5a38-42bd-b84d-6efa99b3fd28,QTYAVAILABLE,BOOLEAN,true
c736286b-5a38-42bd-b84d-6efa99b3fd28,PRICE,FLOAT,13.03
c736286b-5a38-42bd-b84d-6efa99b3fd28,QUANTITY,INTEGER,40
2f577294-9db8-4b2d-ac35-3f1d8742fbf2,QTYAVAILABLE,BOOLEAN,true
2f577294-9db8-4b2d-ac35-3f1d8742fbf2,PRICE,FLOAT,10.59
2f577294-9db8-4b2d-ac35-3f1d8742fbf2,QUANTITY,INTEGER,50
6dba3c3e-ce7f-44b0-8ab2-10a107413473,QTYAVAILABLE,BOOLEAN,true
6dba3c3e-ce7f-44b0-8ab2-10a107413473,PRICE,FLOAT,21.3
6dba3c3e-ce7f-44b0-8ab2-10a107413473,QUANTITY,INTEGER,44
33347e13-05ca-4872-82a7-3762ca521129,QTYAVAILABLE,BOOLEAN,false
33347e13-05ca-4872-82a7-3762ca521129,PRICE,FLOAT,70.08
33347e13-05ca-4872-82a7-3762ca521129,QUANTITY,INTEGER,77
ba7c2305-2e5e-4bb6-8327-33558b905927,QTYAVAILABLE,BOOLEAN,false
ba7c2305-2e5e-4bb6-8327-33558b905927,PRICE,FLOAT,8.67
ba7c2305-2e5e-4bb6-8327-33558b905927,QUANTITY,INTEGER,23
95b1c14a-cc68-481a-8f0b-913735978573,QTYAVAILABLE,BOOLEAN,true
95b1c14a-cc68-481a-8f0b-913735978573,PRICE,FLOAT,24.16
95b1c14a-cc68-481a-8f0b-913735978573,QUANTITY,INTEGER,85
b14b8db0-52b8-47ca-9132-5f9fd00f40a9,QTYAVAILABLE,BOOLEAN,true
b14b8db0-52b8-47ca-9132-5f9fd00f40a9,PRICE,FLOAT,6.41
b14b8db0-52b8-47ca-9132-5f9fd00f40a9,QUANTITY,INTEGER,24
977d8f0f-b5d9-4799-ab7f-b7a8d1092486,QTYAVAILABLE,BOOLEAN,true
977d8f0f-b5d9-4799-ab7f-b7a8d1092486,PRICE,FLOAT,48.09
977d8f0f-b5d9-4799-ab7f-b7a8d1092486,QUANTITY,INTEGER,10
370b971c-eba0-43a2-bc0d-36dfe8a3077f,QTYAVAILABLE,BOOLEAN,true
370b971c-eba0-43a2-bc0d-36dfe8a3077f,PRICE,FLOAT,16.03
370b971c-eba0-43a2-bc0d-36dfe8a3077f,QUANTITY,INTEGER,60
eaea4488-07ad-40fc-ad62-d07cc71002c6,QTYAVAILABLE,BOOLEAN,true
eaea4488-07ad-40fc-ad62-d07cc71002c6,PRICE,FLOAT,71.6
eaea4488-07ad-40fc-ad62-d07cc71002c6,QUANTITY,INTEGER,86
94842ef8-9d6a-4120-9ddb-395dadbb91df,QTYAVAILABLE,BOOLEAN,false
94842ef8-9d6a-4120-9ddb-395dadbb91df,PRICE,FLOAT,1.09
94842ef8-9d6a-4120-9ddb-395dadbb91df,QUANTITY,INTEGER,66
4aeb7892-2bf0-47a4-8432-20e74f3eb5b8,QTYAVAILABLE,BOOLEAN,true
4aeb7892-2bf0-47a4-8432-20e74f3eb5b8,PRICE,FLOAT,95.25
4aeb7892-2bf0-47a4-8432-20e74f3eb5b8,QUANTITY,INTEGER,73
d0968d1d-fde9-4ca7-93c4-057fe9e1d27c,QTYAVAILABLE,BOOLEAN,true
d0968d1d-fde9-4ca7-93c4-057fe9e1d27c,PRICE,FLOAT,98.55
d0968d1d-fde9-4ca7-93c4-057fe9e1d27c,QUANTITY,INTEGER,26
4616c171-b1de-42ed-8936-4597827bf886,QTYAVAILABLE,BOOLEAN,false
4616c171-b1de-42ed-8936-4597827bf886,PRICE,FLOAT,56.45
4616c171-b1de-42ed-8936-4597827bf886,QUANTITY,INTEGER,67
723e451d-555d-484c-9a35-943dfc8b507c,QTYAVAILABLE,BOOLEAN,true
723e451d-555d-484c-9a35-943dfc8b507c,PRICE,FLOAT,15.99
723e451d-555d-484c-9a35-943dfc8b507c,QUANTITY,INTEGER,30
fec90657-49e6-4e73-a723-be33db5f29ae,QTYAVAILABLE,BOOLEAN,true
fec90657-49e6-4e73-a723-be33db5f29ae,PRICE,FLOAT,7.26
fec90657-49e6-4e73-a723-be33db5f29ae,QUANTITY,INTEGER,38
69cbbf07-0550-42c7-9327-2b9003de7cd3,QTYAVAILABLE,BOOLEAN,false
69cbbf07-0550-42c7-9327-2b9003de7cd3,PRICE,FLOAT,76.55
69cbbf07-0550-42c7-9327-2b9003de7cd3,QUANTITY,INTEGER,29
14c6f2a5-6924-4970-9845-c086ce4f6d4c,QTYAVAILABLE,BOOLEAN,false
14c6f2a5-6924-4970-9845-c086ce4f6d4c,PRICE,FLOAT,94.79
14c6f2a5-6924-4970-9845-c086ce4f6d4c,QUANTITY,INTEGER,82
cc364d6a-95a3-4062-9fad-123f810f061c,QTYAVAILABLE,BOOLEAN,false
cc364d6a-95a3-4062-9fad-123f810f061c,PRICE,FLOAT,63.69
cc364d6a-95a3-4062-9fad-123f810f061c,QUANTITY,INTEGER,10
765f5b30-1a95-4921-b196-90d342f36018,QTYAVAILABLE,BOOLEAN,false
765f5b30-1a95-4921-b196-90d342f36018,PRICE,FLOAT,99.25
765f5b30-1a95-4921-b196-90d342f36018,QUANTITY,INTEGER,74
b7dc956c-c8f2-4aaa-b141-ca2b6b85a3a6,QTYAVAILABLE,BOOLEAN,true
b7dc956c-c8f2-4aaa-b141-ca2b6b85a3a6,PRICE,FLOAT,49.39
b7dc956c-c8f2-4aaa-b141-ca2b6b85a3a6,QUANTITY,INTEGER,90
d0045cf0-9efc-4142-848b-2e584ff7e066,QTYAVAILABLE,BOOLEAN,false
d0045cf0-9efc-4142-848b-2e584ff7e066,PRICE,FLOAT,39.42
d0045cf0-9efc-4142-848b-2e584ff7e066,QUANTITY,INTEGER,32
fdd7ed1f-59ce-4e70-835d-7d9891cfbfb3,QTYAVAILABLE,BOOLEAN,false
fdd7ed1f-59ce-4e70-835d-7d9891cfbfb3,PRICE,FLOAT,66.6
fdd7ed1f-59ce-4e70-835d-7d9891cfbfb3,QUANTITY,INTEGER,62
6498fcf6-1aad-4314-b7c8-f0af2da664e0,QTYAVAILABLE,BOOLEAN,true
6498fcf6-1aad-4314-b7c8-f0af2da664e0,PRICE,FLOAT,82.33
6498fcf6-1aad-4314-b7c8-f0af2da664e0,QUANTITY,INTEGER,23
4e103504-a55c-406a-98b1-d6bf1a73c38c,QTYAVAILABLE,BOOLEAN,false
4e103504-a55c-406a-98b1-d6bf1a73c38c,PRICE,FLOAT,98.52
4e103504-a55c-406a-98b1-d6bf1a73c38c,QUANTITY,INTEGER,15
348b9145-86cc-4939-a9e8-2417bc5948ac,QTYAVAILABLE,BOOLEAN,false
348b9145-86cc-4939-a9e8-2417bc5948ac,PRICE,FLOAT,48.02
348b9145-86cc-4939-a9e8-2417bc5948ac,QUANTITY,INTEGER,38
59b2fa23-a12e-4b5b-88f5-7065df51d373,QTYAVAILABLE,BOOLEAN,true
59b2fa23-a12e-4b5b-88f5-7065df51d373,PRICE,FLOAT,2.38
59b2fa23-a12e-4b5b-88f5-7065df51d373,QUANTITY,INTEGER,1
dd0f9460-5a71-45c5-9b9a-b97ac5066b17,QTYAVAILABLE,BOOLEAN,true
dd0f9460-5a71-45c5-9b9a-b97ac5066b17,PRICE,FLOAT,34.97
dd0f9460-5a71-45c5-9b9a-b97ac5066b17,QUANTITY,INTEGER,35
6cf24ec1-024d-4e4e-aa17-2fc0200df0b2,QTYAVAILABLE,BOOLEAN,true
6cf24ec1-024d-4e4e-aa17-2fc0200df0b2,PRICE,FLOAT,84.59
6cf24ec1-024d-4e4e-aa17-2fc0200df0b2,QUANTITY,INTEGER,18
7f0ecc0f-f67a-413e-9781-470f91a738d9,QTYAVAILABLE,BOOLEAN,true
7f0ecc0f-f67a-413e-9781-470f91a738d9,PRICE,FLOAT,72.22
7f0ecc0f-f67a-413e-9781-470f91a738d9,QUANTITY,INTEGER,68
0956a10c-ab50-4262-8fcc-c444c5716cbe,QTYAVAILABLE,BOOLEAN,true
0956a10c-ab50-4262-8fcc-c444c5716cbe,PRICE,FLOAT,34.16
0956a10c-ab50-4262-8fcc-c444c5716cbe,QUANTITY,INTEGER,91
03fc81fc-c269-4518-920d-714fc95ca215,QTYAVAILABLE,BOOLEAN,true
03fc81fc-c269-4518-920d-714fc95ca215,PRICE,FLOAT,91.0
03fc81fc-c269-4518-920d-714fc95ca215,QUANTITY,INTEGER,27
af98ced1-a924-4d87-8a8e-435f3bacba4e,QTYAVAILABLE,BOOLEAN,false
af98ced1-a924-4d87-8a8e-435f3bacba4e,PRICE,FLOAT,62.84
af98ced1-a924-4d87-8a8e-435f3bacba4e,QUANTITY,INTEGER,24
6df96f6b-41a9-4bb9-ad94-3c14cf5efbb6,QTYAVAILABLE,BOOLEAN,true
6df96f6b-41a9-4bb9-ad94-3c14cf5efbb6,PRICE,FLOAT,81.65
6df96f6b-41a9-4bb9-ad94-3c14cf5efbb6,QUANTITY,INTEGER,33
ff2b151c-bdf1-4aea-b279-3cf4887329d8,QTYAVAILABLE,BOOLEAN,false
ff2b151c-bdf1-4aea-b279-3cf4887329d8,PRICE,FLOAT,67.38
ff2b151c-bdf1-4aea-b279-3cf4887329d8,QUANTITY,INTEGER,2
b5c54021-1fa0-45ac-824a-f1e24db38ac8,QTYAVAILABLE,BOOLEAN,true
b5c54021-1fa0-45ac-824a-f1e24db38ac8,PRICE,FLOAT,50.52
b5c54021-1fa0-45ac-824a-f1e24db38ac8,QUANTITY,INTEGER,20
11beba3a-017d-4150-9170-c9fd367b4fec,QTYAVAILABLE,BOOLEAN,false
11beba3a-017d-4150-9170-c9fd367b4fec,PRICE,FLOAT,20.13
11beba3a-017d-4150-9170-c9fd367b4fec,QUANTITY,INTEGER,89
788d7e56-21eb-4791-a3f1-aa968fd8aa4f,QTYAVAILABLE,BOOLEAN,false
788d7e56-21eb-4791-a3f1-aa968fd8aa4f,PRICE,FLOAT,1.7
788d7e56-21eb-4791-a3f1-aa968fd8aa4f,QUANTITY,INTEGER,53
340a0fc5-c7ed-4eb4-8fcb-7f576276bc22,QTYAVAILABLE,BOOLEAN,true
340a0fc5-c7ed-4eb4-8fcb-7f576276bc22,PRICE,FLOAT,32.62
340a0fc5-c7ed-4eb4-8fcb-7f576276bc22,QUANTITY,INTEGER,62
a563abf4-1c62-4998-b782-e6f7a7eed8e8,QTYAVAILABLE,BOOLEAN,true
a563abf4-1c62-4998-b782-e6f7a7eed8e8,PRICE,FLOAT,86.03
a563abf4-1c62-4998-b782-e6f7a7eed8e8,QUANTITY,INTEGER,44
b75ff59b-4feb-41da-a4cb-3a0a0eac94a2,QTYAVAILABLE,BOOLEAN,true
b75ff59b-4feb-41da-a4cb-3a0a0eac94a2,PRICE,FLOAT,72.62
b75ff59b-4feb-41da-a4cb-3a0a0eac94a2,QUANTITY,INTEGER,84
2351bd0f-6fc1-476e-96d2-0db2c5076f1b,QTYAVAILABLE,BOOLEAN,true
2351bd0f-6fc1-476e-96d2-0db2c5076f1b,PRICE,FLOAT,5.59
2351bd0f-6fc1-476e-96d2-0db2c5076f1b,QUANTITY,INTEGER,19
921c5211-cc16-44b5-bdaa-aa2448caa706,QTYAVAILABLE,BOOLEAN,false
921c5211-cc16-44b5-bdaa-aa2448caa706,PRICE,FLOAT,2.76
921c5211-cc16-44b5-bdaa-aa2448caa706,QUANTITY,INTEGER,60
11b63db8-4b93-4dbc-91e6-e70b79335479,QTYAVAILABLE,BOOLEAN,false
11b63db8-4b93-4dbc-91e6-e70b79335479,PRICE,FLOAT,67.17
11b63db8-4b93-4dbc-91e6-e70b79335479,QUANTITY,INTEGER,53
b323c628-a892-4fd1-b8c9-11b1f5bb286f,QTYAVAILABLE,BOOLEAN,false
b323c628-a892-4fd1-b8c9-11b1f5bb286f,PRICE,FLOAT,24.54
b323c628-a892-4fd1-b8c9-11b1f5bb286f,QUANTITY,INTEGER,74
d8602b46-29b2-4f49-9953-54b5909e700e,QTYAVAILABLE,BOOLEAN,false
d8602b46-29b2-4f49-9953-54b5909e700e,PRICE,FLOAT,72.6
d8602b46-29b2-4f49-9953-54b5909e700e,QUANTITY,INTEGER,84
584828ab-ba97-4a91-ae30-d903062e9639,QTYAVAILABLE,BOOLEAN,false
584828ab-ba97-4a91-ae30-d903062e9639,PRICE,FLOAT,84.78
584828ab-ba97-4a91-ae30-d903062e9639,QUANTITY,INTEGER,12
ba671547-9ace-451f-b082-b183b9b1ac23,QTYAVAILABLE,BOOLEAN,false
ba671547-9ace-451f-b082-b183b9b1ac23,PRICE,FLOAT,54.49
ba671547-9ace-451f-b082-b183b9b1ac23,QUANTITY,INTEGER,47
8f3fda3e-aba9-49d4-9f4e-6eb3bc3f5470,QTYAVAILABLE,BOOLEAN,true
8f3fda3e-aba9-49d4-9f4e-6eb3bc3f5470,PRICE,FLOAT,55.21
8f3fda3e-aba9-49d4-9f4e-6eb3bc3f5470,QUANTITY,INTEGER,65
43f7b45e-ec04-49ea-b406-ff375957871c,QTYAVAILABLE,BOOLEAN,true
43f7b45e-ec04-49ea-b406-ff375957871c,PRICE,FLOAT,87.24
43f7b45e-ec04-49ea-b406-ff375957871c,QUANTITY,INTEGER,74
94ab00ac-a5d7-4c12-9e43-7f55ef5fb92e,QTYAVAILABLE,BOOLEAN,true
94ab00ac-a5d7-4c12-9e43-7f55ef5fb92e,PRICE,FLOAT,63.94
94ab00ac-a5d7-4c12-9e43-7f55ef5fb92e,QUANTITY,INTEGER,14
f9e9b53d-d892-4a05-b306-6a0b7d4dedd7,QTYAVAILABLE,BOOLEAN,true
f9e9b53d-d892-4a05-b306-6a0b7d4dedd7,PRICE,FLOAT,7.81
f9e9b53d-d892-4a05-b306-6a0b7d4dedd7,QUANTITY,INTEGER,42
d0bf130e-5d7b-483b-b30b-41a67000fd7a,QTYAVAILABLE,BOOLEAN,true
d0bf130e-5d7b-483b-b30b-41a67000fd7a,PRICE,FLOAT,32.93
d0bf130e-5d7b-483b-b30b-41a67000fd7a,QUANTITY,INTEGER,53
e3f870c3-255d-46b5-80c3-4e152b4d034f,QTYAVAILABLE,BOOLEAN,true
e3f870c3-255d-46b5-80c3-4e152b4d034f,PRICE,FLOAT,68.73
e3f870c3-255d-46b5-80c3-4e152b4d034f,QUANTITY,INTEGER,17
46bad13c-e9a4-4779-a8fb-2318fb000722,QTYAVAILABLE,BOOLEAN,false
46bad13c-e9a4-4779-a8fb-2318fb000722,PRICE,FLOAT,10.12
46bad13c-e9a4-4779-a8fb-2318fb000722,QUANTITY,INTEGER,55
f4fa8979-c0b1-4393-b6bb-0112da5fd7de,QTYAVAILABLE,BOOLEAN,false
f4fa8979-c0b1-4393-b6bb-0112da5fd7de,PRICE,FLOAT,65.34
f4fa8979-c0b1-4393-b6bb-0112da5fd7de,QUANTITY,INTEGER,98
f97306ed-c11c-4de7-9056-d0ca3920fc2b,QTYAVAILABLE,BOOLEAN,false
f97306ed-c11c-4de7-9056-d0ca3920fc2b,PRICE,FLOAT,21.65
f97306ed-c11c-4de7-9056-d0ca3920fc2b,QUANTITY,INTEGER,54
b3451f52-9711-4ac8-9fcc-3830a0f49684,QTYAVAILABLE,BOOLEAN,false
b3451f52-9711-4ac8-9fcc-3830a0f49684,PRICE,FLOAT,37.63
b3451f52-9711-4ac8-9fcc-3830a0f49684,QUANTITY,INTEGER,40
787415df-3900-462f-908d-416c5479a250,QTYAVAILABLE,BOOLEAN,true
787415df-3900-462f-908d-416c5479a250,PRICE,FLOAT,56.3
787415df-3900-462f-908d-416c5479a250,QUANTITY,INTEGER,53
68c9137e-32c5-4f6b-bf2f-ae180c7447fe,QTYAVAILABLE,BOOLEAN,false
68c9137e-32c5-4f6b-bf2f-ae180c7447fe,PRICE,FLOAT,60.27
68c9137e-32c5-4f6b-bf2f-ae180c7447fe,QUANTITY,INTEGER,18
133de4b9-5b68-4709-95fd-8e55c67437e5,QTYAVAILABLE,BOOLEAN,true
133de4b9-5b68-4709-95fd-8e55c67437e5,PRICE,FLOAT,75.08
133de4b9-5b68-4709-95fd-8e55c67437e5,QUANTITY,INTEGER,74
c44a7bea-6cec-4bb2-aa3a-c970b1770bc0,QTYAVAILABLE,BOOLEAN,true
c44a7bea-6cec-4bb2-aa3a-c970b1770bc0,PRICE,FLOAT,89.33
c44a7bea-6cec-4bb2-aa3a-c970b1770bc0,QUANTITY,INTEGER,30
9b82dae0-39ab-4010-a920-8aec2a5556af,QTYAVAILABLE,BOOLEAN,true
9b82dae0-39ab-4010-a920-8aec2a5556af,PRICE,FLOAT,49.88
9b82dae0-39ab-4010-a920-8aec2a5556af,QUANTITY,INTEGER,7
6b8f1ebb-8ebc-403d-9f33-a50a8ea14116,QTYAVAILABLE,BOOLEAN,false
6b8f1ebb-8ebc-403d-9f33-a50a8ea14116,PRICE,FLOAT,97.46
6b8f1ebb-8ebc-403d-9f33-a50a8ea14116,QUANTITY,INTEGER,79
886a2599-84a8-4285-9168-578140b9a3d2,QTYAVAILABLE,BOOLEAN,false
886a2599-84a8-4285-9168-578140b9a3d2,PRICE,FLOAT,60.39
886a2599-84a8-4285-9168-578140b9a3d2,QUANTITY,INTEGER,41
c8ffa88e-991a-4e8c-bed1-bf4b7c4ef945,QTYAVAILABLE,BOOLEAN,false
c8ffa88e-991a-4e8c-bed1-bf4b7c4ef945,PRICE,FLOAT,89.89
c8ffa88e-991a-4e8c-bed1-bf4b7c4ef945,QUANTITY,INTEGER,80
0960bbde-92ea-4c55-9218-5d58118a0ce5,QTYAVAILABLE,BOOLEAN,true
0960bbde-92ea-4c55-9218-5d58118a0ce5,PRICE,FLOAT,9.76
0960bbde-92ea-4c55-9218-5d58118a0ce5,QUANTITY,INTEGER,80
439ba77d-4df8-4488-a6e2-909f17c0afea,QTYAVAILABLE,BOOLEAN,true
439ba77d-4df8-4488-a6e2-909f17c0afea,PRICE,FLOAT,13.77
439ba77d-4df8-4488-a6e2-909f17c0afea,QUANTITY,INTEGER,24
2bc1eee7-d4df-4f33-84a5-fbeb64c11504,QTYAVAILABLE,BOOLEAN,false
2bc1eee7-d4df-4f33-84a5-fbeb64c11504,PRICE,FLOAT,77.78
2bc1eee7-d4df-4f33-84a5-fbeb64c11504,QUANTITY,INTEGER,70
7da9d12d-9ae1-4571-9f98-7343da454a50,QTYAVAILABLE,BOOLEAN,true
7da9d12d-9ae1-4571-9f98-7343da454a50,PRICE,FLOAT,53.13
7da9d12d-9ae1-4571-9f98-7343da454a50,QUANTITY,INTEGER,40
c20e1ddc-5ba7-49cc-8f9a-164b4affa1e5,QTYAVAILABLE,BOOLEAN,true
c20e1ddc-5ba7-49cc-8f9a-164b4affa1e5,PRICE,FLOAT,55.99
c20e1ddc-5ba7-49cc-8f9a-164b4affa1e5,QUANTITY,INTEGER,8
579dc622-6274-49cd-bc14-744aa2e9692a,QTYAVAILABLE,BOOLEAN,true
579dc622-6274-49cd-bc14-744aa2e9692a,PRICE,FLOAT,5.7
579dc622-6274-49cd-bc14-744aa2e9692a,QUANTITY,INTEGER,81
37123ec2-f262-49f8-a083-f7ffb9b9f74e,QTYAVAILABLE,BOOLEAN,false
37123ec2-f262-49f8-a083-f7ffb9b9f74e,PRICE,FLOAT,89.7
37123ec2-f262-49f8-a083-f7ffb9b9f74e,QUANTITY,INTEGER,84
475bb785-9f56-4dd2-bc5a-bf305fe06cad,QTYAVAILABLE,BOOLEAN,true
475bb785-9f56-4dd2-bc5a-bf305fe06cad,PRICE,FLOAT,94.58
475bb785-9f56-4dd2-bc5a-bf305fe06cad,QUANTITY,INTEGER,84
3617cb48-4cb7-4b11-9f26-607329baf44d,QTYAVAILABLE,BOOLEAN,false
3617cb48-4cb7-4b11-9f26-607329baf44d,PRICE,FLOAT,26.4
3617cb48-4cb7-4b11-9f26-607329baf44d,QUANTITY,INTEGER,34
e76971b3-202d-4553-a9fb-efd882ea2da7,QTYAVAILABLE,BOOLEAN,false
e76971b3-202d-4553-a9fb-efd882ea2da7,PRICE,FLOAT,31.28
e76971b3-202d-4553-a9fb-efd882ea2da7,QUANTITY,INTEGER,54
c0d60208-6669-41ff-843e-59c85e3e3d3c,QTYAVAILABLE,BOOLEAN,false
c0d60208-6669-41ff-843e-59c85e3e3d3c,PRICE,FLOAT,52.54
c0d60208-6669-41ff-843e-59c85e3e3d3c,QUANTITY,INTEGER,55
26946d29-5b60-44ef-82dd-76725a9319f4,QTYAVAILABLE,BOOLEAN,false
26946d29-5b60-44ef-82dd-76725a9319f4,PRICE,FLOAT,14.38
26946d29-5b60-44ef-82dd-76725a9319f4,QUANTITY,INTEGER,92
12450c50-82fd-4972-91f8-54f4913c1c24,QTYAVAILABLE,BOOLEAN,false
12450c50-82fd-4972-91f8-54f4913c1c24,PRICE,FLOAT,69.47
12450c50-82fd-4972-91f8-54f4913c1c24,QUANTITY,INTEGER,44
20512bcb-4446-4cfe-ba2f-5656bba200b9,QTYAVAILABLE,BOOLEAN,false
20512bcb-4446-4cfe-ba2f-5656bba200b9,PRICE,FLOAT,47.8
20512bcb-4446-4cfe-ba2f-5656bba200b9,QUANTITY,INTEGER,44
4cdeed19-4b64-4b40-9844-93241f4ef314,QTYAVAILABLE,BOOLEAN,true
4cdeed19-4b64-4b40-9844-93241f4ef314,PRICE,FLOAT,41.27
4cdeed19-4b64-4b40-9844-93241f4ef314,QUANTITY,INTEGER,82
aa577bcb-d80c-4228-8350-1a0b1c039e00,QTYAVAILABLE,BOOLEAN,true
aa577bcb-d80c-4228-8350-1a0b1c039e00,PRICE,FLOAT,3.85
aa577bcb-d80c-4228-8350-1a0b1c039e00,QUANTITY,INTEGER,47
9f95da61-cf8a-4075-bcb2-a1de021d6ef5,QTYAVAILABLE,BOOLEAN,true
9f95da61-cf8a-4075-bcb2-a1de021d6ef5,PRICE,FLOAT,21.74
9f95da61-cf8a-4075-bcb2-a1de021d6ef5,QUANTITY,INTEGER,95
72bf726f-84f1-4afc-85c3-652198cf31ab,QTYAVAILABLE,BOOLEAN,false
72bf726f-84f1-4afc-85c3-652198cf31ab,PRICE,FLOAT,83.66
72bf726f-84f1-4afc-85c3-652198cf31ab,QUANTITY,INTEGER,38
577f26b3-ac26-4b05-bc2d-687ba005c437,QTYAVAILABLE,BOOLEAN,true
577f26b3-ac26-4b05-bc2d-687ba005c437,PRICE,FLOAT,68.75
577f26b3-ac26-4b05-bc2d-687ba005c437,QUANTITY,INTEGER,33
30945f38-881d-4be9-a136-28ca6b64eab6,QTYAVAILABLE,BOOLEAN,false
30945f38-881d-4be9-a136-28ca6b64eab6,PRICE,FLOAT,76.54
30945f38-881d-4be9-a136-28ca6b64eab6,QUANTITY,INTEGER,51
a5174f90-5828-4994-aa39-979929ea913d,QTYAVAILABLE,BOOLEAN,true
a5174f90-5828-4994-aa39-979929ea913d,PRICE,FLOAT,81.01
a5174f90-5828-4994-aa39-979929ea913d,QUANTITY,INTEGER,22
82ba8086-6dff-4693-a8ee-0ca7f78d5efa,QTYAVAILABLE,BOOLEAN,true
82ba8086-6dff-4693-a8ee-0ca7f78d5efa,PRICE,FLOAT,71.21
82ba8086-6dff-4693-a8ee-0ca7f78d5efa,QUANTITY,INTEGER,7
201d19a6-30ba-4ae4-9113-771e179de20c,QTYAVAILABLE,BOOLEAN,false
201d19a6-30ba-4ae4-9113-771e179de20c,PRICE,FLOAT,40.91
201d19a6-30ba-4ae4-9113-771e179de20c,QUANTITY,INTEGER,96
76ff3b2f-f5e1-46e8-8c42-25d85a3df532,QTYAVAILABLE,BOOLEAN,true
76ff3b2f-f5e1-46e8-8c42-25d85a3df532,PRICE,FLOAT,34.97
76ff3b2f-f5e1-46e8-8c42-25d85a3df532,QUANTITY,INTEGER,80
b67c8cbe-e92e-4967-bd5e-e5adb75e7f2b,QTYAVAILABLE,BOOLEAN,false
b67c8cbe-e92e-4967-bd5e-e5adb75e7f2b,PRICE,FLOAT,55.53
b67c8cbe-e92e-4967-bd5e-e5adb75e7f2b,QUANTITY,INTEGER,13
53850526-cef8-4dde-805f-b9f5e6368129,QTYAVAILABLE,BOOLEAN,true
53850526-cef8-4dde-805f-b9f5e6368129,PRICE,FLOAT,24.45
53850526-cef8-4dde-805f-b9f5e6368129,QUANTITY,INTEGER,91
9bdfc666-7e32-4a4e-9d33-89cfd6fb2210,QTYAVAILABLE,BOOLEAN,true
9bdfc666-7e32-4a4e-9d33-89cfd6fb2210,PRICE,FLOAT,66.18
9bdfc666-7e32-4a4e-9d33-89cfd6fb2210,QUANTITY,INTEGER,26
538bd539-3000-4e98-b00f-76436f92f0f0,QTYAVAILABLE,BOOLEAN,true
538bd539-3000-4e98-b00f-76436f92f0f0,PRICE,FLOAT,50.25
538bd539-3000-4e98-b00f-76436f92f0f0,QUANTITY,INTEGER,26
00a185cd-5e0c-4fdb-b4df-625106010af2,QTYAVAILABLE,BOOLEAN,false
00a185cd-5e0c-4fdb-b4df-625106010af2,PRICE,FLOAT,26.37
00a185cd-5e0c-4fdb-b4df-625106010af2,QUANTITY,INTEGER,35
cc0ef14c-e3a4-4dbc-8a29-84e50eb4810e,QTYAVAILABLE,BOOLEAN,false
cc0ef14c-e3a4-4dbc-8a29-84e50eb4810e,PRICE,FLOAT,41.68
cc0ef14c-e3a4-4dbc-8a29-84e50eb4810e,QUANTITY,INTEGER,74
ba2ced34-0769-4328-9c87-1712800e7d1a,QTYAVAILABLE,BOOLEAN,true
ba2ced34-0769-4328-9c87-1712800e7d1a,PRICE,FLOAT,78.74
ba2ced34-0769-4328-9c87-1712800e7d1a,QUANTITY,INTEGER,86
35c60808-4a01-488b-9a61-8833afc593fb,QTYAVAILABLE,BOOLEAN,true
35c60808-4a01-488b-9a61-8833afc593fb,PRICE,FLOAT,44.27
35c60808-4a01-488b-9a61-8833afc593fb,QUANTITY,INTEGER,91
4604c31d-9f4d-41cf-8f85-75674c31dbb1,QTYAVAILABLE,BOOLEAN,false
4604c31d-9f4d-41cf-8f85-75674c31dbb1,PRICE,FLOAT,99.43
4604c31d-9f4d-41cf-8f85-75674c31dbb1,QUANTITY,INTEGER,91
040311fc-a47d-475a-9b1e-59653193a08d,QTYAVAILABLE,BOOLEAN,true
040311fc-a47d-475a-9b1e-59653193a08d,PRICE,FLOAT,10.09
040311fc-a47d-475a-9b1e-59653193a08d,QUANTITY,INTEGER,22
2ce43ebd-1068-4fb3-8719-f3d3ecc1754b,QTYAVAILABLE,BOOLEAN,true
2ce43ebd-1068-4fb3-8719-f3d3ecc1754b,PRICE,FLOAT,5.71
2ce43ebd-1068-4fb3-8719-f3d3ecc1754b,QUANTITY,INTEGER,51
